,original,more assessments,NIH
Diag.Borderline Intellectual Functioning (test),0.7987347703842549,0.8095238095238095,0.864867158984806
Diag.Specific Learning Disorder with Impairment in Reading (test),0.7859201152645481,0.8761169332597905,0.8636514065085493
Diag.NVLD without reading condition (test),0.7716650729141764,0.7621838142571026,0.7607002447889621
Diag.Processing Speed Deficit (test),0.7585300484486135,0.7513778322106552,0.8107096686398585
Diag.Specific Learning Disorder with Impairment in Mathematics (test),0.7258000397535281,0.6637554585152838,0.7308231029084618
Diag.Specific Learning Disorder with Impairment in Written Expression (test),0.7117137797599528,0.7510185604345858,0.7854232684472612
Diag.NVLD (test),0.6225535880708295,0.7021694214876032,0.7019628099173554
