,original,more assessments,more assessments and NIH
Diag.Processing Speed Deficit (test),0.7842318059299191,0.7380417772334491,0.7293325168401715
Diag.Specific Learning Disorder with Impairment in Reading (test),0.7589312822588806,0.7832322118036403,0.8795366795366796
Diag.Borderline Intellectual Functioning (test),0.7459052290444075,0.8360920125626007,0.8132586367880486
Diag.Specific Learning Disorder with Impairment in Written Expression (test),0.7107758620689655,0.7655952919873246,0.7710276143051155
Diag.NVLD without reading condition (test),0.710591133004926,0.6812550997700467,0.772791335954306
Diag.NVLD (test),0.7045944779982745,0.7135330578512398,0.6856404958677687
Diag.Specific Learning Disorder with Impairment in Mathematics (test),0.6955128205128205,0.7178874515942983,0.6387904754057839
