,original,more assessments,NIH
Diag.Borderline Intellectual Functioning (test),0.7942830365510778,0.8095238095238095,0.864867158984806
Diag.Specific Learning Disorder with Impairment in Reading (test),0.7779556551668934,0.8761169332597905,0.8636514065085493
Diag.NVLD without reading condition (test),0.7663459239780062,0.7621838142571026,0.7607002447889621
Diag.Processing Speed Deficit (test),0.7599989691784352,0.7513778322106552,0.8107096686398585
Diag.Specific Learning Disorder with Impairment in Mathematics (test),0.7057245080500895,0.6637554585152838,0.7308231029084618
Diag.Specific Learning Disorder with Impairment in Written Expression (test),0.6844625172165015,0.7510185604345858,0.7854232684472612
Diag.NVLD (test),0.6250529526391595,0.7021694214876032,0.7019628099173554
